Subj,StimType,ConvDiv,Mfov,MonoReg,BinoReg,NumFade,TimePt,PropFade
S1,oval,conv,30,4.5,25.5,1500,1500,1
S1,oval,conv,30,9,21,1500,1500,1
S1,oval,conv,40,4.5,35.5,1500,1500,1
S1,oval,conv,40,9,31,1500,1500,1
S1,oval,div,30,9,21,1500,1500,1
S1,oval,div,30,4.5,25.5,1500,1500,1
S1,oval,div,40,9,31,1500,1500,1
S1,oval,div,40,4.5,35.5,1500,1500,1
S1,rect,conv,30,4.5,25.5,1500,1500,1
S1,rect,conv,30,9,21,1500,1500,1
S1,rect,conv,40,4.5,35.5,1500,1500,1
S1,rect,conv,40,9,31,1500,1500,1
S1,rect,div,30,4.5,25.5,1500,1500,1
S1,rect,div,30,9,21,1500,1500,1
S1,rect,div,40,9,31,1500,1500,1
S1,rect,div,40,4.5,35.5,1500,1500,1
S1,AR,conv,30,9,21,1500,1500,1
S1,AR,conv,30,4.5,25.5,1500,1500,1
S1,AR,conv,30,9,21,1384,1479,0.935767410412441
S1,AR,conv,30,9,21,1500,1500,1
S1,AR,conv,30,4.5,25.5,1500,1500,1
S1,AR,conv,30,4.5,25.5,1500,1500,1
S1,AR,conv,30,9,21,1500,1500,1
S1,AR,conv,30,4.5,25.5,1500,1500,1
S1,AR,conv,30,4.5,25.5,1500,1500,1
S1,AR,conv,30,9,21,1500,1500,1
S1,AR,conv,40,4.5,35.5,1500,1500,1
S1,AR,conv,40,4.5,35.5,1500,1500,1
S1,AR,conv,40,9,31,1500,1500,1
S1,AR,conv,40,4.5,35.5,1500,1500,1
S1,AR,conv,40,9,31,1500,1500,1
S1,AR,conv,40,4.5,35.5,1500,1500,1
S1,AR,conv,40,4.5,35.5,1500,1500,1
S1,AR,conv,40,9,31,1500,1500,1
S1,AR,conv,40,9,31,1309,1493,0.876758204956464
S1,AR,conv,40,9,31,1500,1500,1
S1,AR,div,30,4.5,25.5,1500,1500,1
S1,AR,div,30,4.5,25.5,1500,1500,1
S1,AR,div,30,9,21,1500,1500,1
S1,AR,div,30,9,21,1500,1500,1
S1,AR,div,30,9,21,1500,1500,1
S1,AR,div,30,4.5,25.5,1500,1500,1
S1,AR,div,30,4.5,25.5,1500,1500,1
S1,AR,div,30,4.5,25.5,1500,1500,1
S1,AR,div,30,9,21,1500,1500,1
S1,AR,div,30,9,21,1500,1500,1
S1,AR,div,40,4.5,35.5,1497,1497,1
S1,AR,div,40,9,31,1500,1500,1
S1,AR,div,40,4.5,35.5,1500,1500,1
S1,AR,div,40,4.5,35.5,1500,1500,1
S1,AR,div,40,4.5,35.5,1143,1449,0.788819875776398
S1,AR,div,40,9,31,1500,1500,1
S1,AR,div,40,9,31,1500,1500,1
S1,AR,div,40,4.5,35.5,1500,1500,1
S1,AR,div,40,9,31,1423,1423,1
S1,AR,div,40,9,31,1500,1500,1
S2,oval,conv,30,4.5,25.5,0,1500,0
S2,oval,conv,30,9,21,231,1480,0.156081081081081
S2,oval,conv,40,4.5,35.5,0,1500,0
S2,oval,conv,40,9,31,0,1500,0
S2,oval,div,30,9,21,1500,1500,1
S2,oval,div,30,4.5,25.5,0,1500,0
S2,oval,div,40,9,31,1500,1500,1
S2,oval,div,40,4.5,35.5,34,1442,0.0235783633841886
S2,rect,conv,30,4.5,25.5,0,1500,0
S2,rect,conv,30,9,21,1500,1500,1
S2,rect,conv,40,4.5,35.5,0,1500,0
S2,rect,conv,40,9,31,0,1445,0
S2,rect,div,30,4.5,25.5,1365,1365,1
S2,rect,div,30,9,21,1500,1500,1
S2,rect,div,40,9,31,1500,1500,1
S2,rect,div,40,4.5,35.5,0,1470,0
S2,AR,conv,30,9,21,1491,1491,1
S2,AR,conv,30,4.5,25.5,0,1500,0
S2,AR,conv,30,9,21,1288,1498,0.85981308411215
S2,AR,conv,30,9,21,1500,1500,1
S2,AR,conv,30,4.5,25.5,0,1500,0
S2,AR,conv,30,4.5,25.5,0,1500,0
S2,AR,conv,30,9,21,1181,1491,0.792085848423877
S2,AR,conv,30,4.5,25.5,0,1500,0
S2,AR,conv,30,4.5,25.5,162,1498,0.108144192256342
S2,AR,conv,30,9,21,1500,1500,1
S2,AR,conv,40,4.5,35.5,0,1500,0
S2,AR,conv,40,4.5,35.5,0,1500,0
S2,AR,conv,40,9,31,0,1383,0
S2,AR,conv,40,4.5,35.5,1400,1499,0.933955970647098
S2,AR,conv,40,9,31,1500,1500,1
S2,AR,conv,40,4.5,35.5,0,1500,0
S2,AR,conv,40,4.5,35.5,0,1500,0
S2,AR,conv,40,9,31,859,1460,0.588356164383562
S2,AR,conv,40,9,31,1500,1500,1
S2,AR,div,30,4.5,25.5,1500,1500,1
S2,AR,div,30,9,21,1500,1500,1
S2,AR,div,30,9,21,1500,1500,1
S2,AR,div,30,9,21,1376,1489,0.924110141034251
S2,AR,div,30,4.5,25.5,1500,1500,1
S2,AR,div,30,4.5,25.5,1492,1492,1
S2,AR,div,30,4.5,25.5,1500,1500,1
S2,AR,div,30,9,21,1500,1500,1
S2,AR,div,30,9,21,1500,1500,1
S2,AR,div,40,4.5,35.5,0,1500,0
S2,AR,div,40,4.5,35.5,1500,1500,1
S2,AR,div,40,4.5,35.5,0,1497,0
S2,AR,div,40,9,31,1500,1500,1
S2,AR,div,40,9,31,1500,1500,1
S2,AR,div,40,4.5,35.5,1399,1399,1
S2,AR,div,40,9,31,1382,1453,0.951135581555403
S2,AR,div,40,9,31,1500,1500,1
S3,oval,conv,30,4.5,25.5,1482,1482,1
S3,oval,conv,30,9,21,1387,1387,1
S3,oval,conv,40,4.5,35.5,0,1458,0
S3,oval,conv,40,9,31,1500,1500,1
S3,oval,div,30,9,21,1500,1500,1
S3,oval,div,30,4.5,25.5,1500,1500,1
S3,oval,div,40,9,31,0,1500,0
S3,oval,div,40,4.5,35.5,0,1500,0
S3,rect,conv,30,4.5,25.5,0,1453,0
S3,rect,conv,30,9,21,0,1500,0
S3,rect,conv,40,4.5,35.5,0,1495,0
S3,rect,conv,40,9,31,176,1499,0.117411607738492
S3,rect,div,30,4.5,25.5,0,1500,0
S3,rect,div,30,9,21,1500,1500,1
S3,rect,div,40,9,31,0,1500,0
S3,rect,div,40,4.5,35.5,0,1500,0
S3,AR,conv,30,9,21,1500,1500,1
S3,AR,conv,30,4.5,25.5,1500,1500,1
S3,AR,conv,30,9,21,1500,1500,1
S3,AR,conv,30,9,21,1500,1500,1
S3,AR,conv,30,4.5,25.5,1500,1500,1
S3,AR,conv,30,4.5,25.5,1498,1500,0.998666666666667
S3,AR,conv,30,9,21,1500,1500,1
S3,AR,conv,30,4.5,25.5,1500,1500,1
S3,AR,conv,30,4.5,25.5,1500,1500,1
S3,AR,conv,30,9,21,1500,1500,1
S3,AR,conv,40,4.5,35.5,1500,1500,1
S3,AR,conv,40,9,31,0,1500,0
S3,AR,conv,40,4.5,35.5,1427,1427,1
S3,AR,conv,40,9,31,1500,1500,1
S3,AR,conv,40,4.5,35.5,1500,1500,1
S3,AR,conv,40,4.5,35.5,1500,1500,1
S3,AR,conv,40,9,31,1500,1500,1
S3,AR,conv,40,9,31,0,1500,0
S3,AR,conv,40,9,31,1500,1500,1
S3,AR,div,30,4.5,25.5,1500,1500,1
S3,AR,div,30,9,21,1500,1500,1
S3,AR,div,30,9,21,1500,1500,1
S3,AR,div,30,9,21,1500,1500,1
S3,AR,div,30,4.5,25.5,1500,1500,1
S3,AR,div,30,4.5,25.5,1500,1500,1
S3,AR,div,30,4.5,25.5,1500,1500,1
S3,AR,div,30,9,21,1500,1500,1
S3,AR,div,30,9,21,1500,1500,1
S3,AR,div,40,4.5,35.5,0,1500,0
S3,AR,div,40,9,31,0,1500,0
S3,AR,div,40,4.5,35.5,0,1500,0
S3,AR,div,40,4.5,35.5,1500,1500,1
S3,AR,div,40,4.5,35.5,162,1498,0.108144192256342
S3,AR,div,40,9,31,1480,1480,1
S3,AR,div,40,9,31,1500,1500,1
S3,AR,div,40,4.5,35.5,1500,1500,1
S3,AR,div,40,9,31,1500,1500,1
S3,AR,div,40,9,31,0,1500,0
S4,oval,conv,30,4.5,25.5,430,1500,0.286666666666667
S4,oval,conv,30,9,21,856,1483,0.577208361429535
S4,oval,conv,40,4.5,35.5,0,1500,0
S4,oval,conv,40,9,31,518,1488,0.348118279569892
S4,oval,div,30,9,21,939,1486,0.631897711978466
S4,oval,div,30,4.5,25.5,809,1492,0.542225201072386
S4,oval,div,40,9,31,628,1493,0.420629604822505
S4,oval,div,40,4.5,35.5,720,1495,0.481605351170569
S4,rect,conv,30,4.5,25.5,324,1496,0.216577540106952
S4,rect,conv,30,9,21,739,1478,0.5
S4,rect,conv,40,4.5,35.5,503,1484,0.338948787061995
S4,rect,conv,40,9,31,497,1493,0.332886805090422
S4,rect,div,30,4.5,25.5,328,1485,0.220875420875421
S4,rect,div,30,9,21,1164,1467,0.793456032719836
S4,rect,div,40,9,31,850,1480,0.574324324324324
S4,rect,div,40,4.5,35.5,924,1484,0.622641509433962
S4,AR,conv,30,9,21,468,1491,0.313883299798793
S4,AR,conv,30,4.5,25.5,862,1496,0.57620320855615
S4,AR,conv,30,9,21,906,1487,0.609280430396772
S4,AR,conv,30,9,21,1500,1500,1
S4,AR,conv,30,4.5,25.5,374,1494,0.250334672021419
S4,AR,conv,30,4.5,25.5,467,1498,0.311748998664887
S4,AR,conv,30,9,21,331,1490,0.222147651006711
S4,AR,conv,30,4.5,25.5,499,1493,0.334226389819156
S4,AR,conv,30,4.5,25.5,1489,1498,0.993991989319092
S4,AR,conv,30,9,21,577,1496,0.385695187165775
S4,AR,conv,40,4.5,35.5,1212,1500,0.808
S4,AR,conv,40,4.5,35.5,1234,1497,0.824315297261189
S4,AR,conv,40,9,31,634,1497,0.423513694054776
S4,AR,conv,40,4.5,35.5,1234,1500,0.822666666666667
S4,AR,conv,40,9,31,1500,1500,1
S4,AR,conv,40,4.5,35.5,1001,1489,0.672263263935527
S4,AR,conv,40,4.5,35.5,0,1500,0
S4,AR,conv,40,9,31,1208,1492,0.809651474530831
S4,AR,conv,40,9,31,1007,1492,0.674932975871314
S4,AR,conv,40,9,31,1331,1475,0.902372881355932
S4,AR,div,30,4.5,25.5,853,1500,0.568666666666667
S4,AR,div,30,4.5,25.5,1488,1494,0.995983935742972
S4,AR,div,30,9,21,741,1498,0.494659546061415
S4,AR,div,30,9,21,447,1496,0.29879679144385
S4,AR,div,30,9,21,1013,1500,0.675333333333333
S4,AR,div,30,4.5,25.5,1022,1492,0.684986595174263
S4,AR,div,30,4.5,25.5,1495,1499,0.99733155436958
S4,AR,div,30,4.5,25.5,1500,1500,1
S4,AR,div,30,9,21,854,1489,0.573539288112827
S4,AR,div,30,9,21,1029,1497,0.687374749498998
S4,AR,div,40,4.5,35.5,0,1500,0
S4,AR,div,40,9,31,0,1500,0
S4,AR,div,40,4.5,35.5,59,1500,0.0393333333333333
S4,AR,div,40,4.5,35.5,0,1500,0
S4,AR,div,40,4.5,35.5,1212,1479,0.81947261663286
S4,AR,div,40,9,31,0,1500,0
S4,AR,div,40,9,31,680,1493,0.455458807769591
S4,AR,div,40,4.5,35.5,769,1491,0.515761234071093
S4,AR,div,40,9,31,356,1491,0.238765928906774
S4,AR,div,40,9,31,393,1493,0.263228399196249
S5,oval,conv,30,4.5,25.5,71,1486,0.0477792732166891
S5,oval,conv,30,9,21,1500,1500,1
S5,oval,conv,40,4.5,35.5,0,1500,0
S5,oval,conv,40,9,31,1500,1500,1
S5,oval,div,30,9,21,1500,1500,1
S5,oval,div,30,4.5,25.5,1500,1500,1
S5,oval,div,40,9,31,1500,1500,1
S5,oval,div,40,4.5,35.5,1500,1500,1
S5,rect,conv,30,4.5,25.5,0,1500,0
S5,rect,conv,30,9,21,1500,1500,1
S5,rect,conv,40,4.5,35.5,0,1500,0
S5,rect,conv,40,9,31,1500,1500,1
S5,rect,div,30,4.5,25.5,1500,1500,1
S5,rect,div,30,9,21,1500,1500,1
S5,rect,div,40,9,31,1500,1500,1
S5,rect,div,40,4.5,35.5,0,1500,0
S5,AR,conv,30,9,21,1500,1500,1
S5,AR,conv,30,4.5,25.5,1500,1500,1
S5,AR,conv,30,9,21,1500,1500,1
S5,AR,conv,30,9,21,1500,1500,1
S5,AR,conv,30,4.5,25.5,0,1500,0
S5,AR,conv,30,4.5,25.5,1500,1500,1
S5,AR,conv,30,9,21,1500,1500,1
S5,AR,conv,30,4.5,25.5,0,1500,0
S5,AR,conv,30,4.5,25.5,1500,1500,1
S5,AR,conv,30,9,21,1500,1500,1
S5,AR,conv,40,4.5,35.5,0,1500,0
S5,AR,conv,40,4.5,35.5,1500,1500,1
S5,AR,conv,40,9,31,0,1500,0
S5,AR,conv,40,4.5,35.5,0,1500,0
S5,AR,conv,40,9,31,1500,1500,1
S5,AR,conv,40,4.5,35.5,1500,1500,1
S5,AR,conv,40,4.5,35.5,0,1500,0
S5,AR,conv,40,9,31,1500,1500,1
S5,AR,conv,40,9,31,1500,1500,1
S5,AR,conv,40,9,31,1500,1500,1
S5,AR,div,30,4.5,25.5,0,1500,0
S5,AR,div,30,4.5,25.5,0,1500,0
S5,AR,div,30,9,21,1500,1500,1
S5,AR,div,30,9,21,1500,1500,1
S5,AR,div,30,9,21,1500,1500,1
S5,AR,div,30,4.5,25.5,1500,1500,1
S5,AR,div,30,4.5,25.5,1500,1500,1
S5,AR,div,30,4.5,25.5,1500,1500,1
S5,AR,div,30,9,21,1500,1500,1
S5,AR,div,30,9,21,1500,1500,1
S5,AR,div,40,4.5,35.5,280,1486,0.18842530282638
S5,AR,div,40,9,31,1500,1500,1
S5,AR,div,40,4.5,35.5,0,1500,0
S5,AR,div,40,4.5,35.5,1500,1500,1
S5,AR,div,40,4.5,35.5,1500,1500,1
S5,AR,div,40,9,31,1500,1500,1
S5,AR,div,40,9,31,1500,1500,1
S5,AR,div,40,4.5,35.5,0,1500,0
S5,AR,div,40,9,31,1500,1500,1
S5,AR,div,40,9,31,0,1500,0
S6,oval,conv,30,4.5,25.5,0,1500,0
S6,oval,conv,30,9,21,1500,1500,1
S6,oval,conv,40,4.5,35.5,0,1500,0
S6,oval,conv,40,9,31,1500,1500,1
S6,oval,div,30,9,21,1500,1500,1
S6,oval,div,30,4.5,25.5,1500,1500,1
S6,oval,div,40,9,31,1500,1500,1
S6,oval,div,40,4.5,35.5,1500,1500,1
S6,rect,conv,30,4.5,25.5,0,1500,0
S6,rect,conv,30,9,21,1258,1402,0.897289586305278
S6,rect,conv,40,4.5,35.5,0,1500,0
S6,rect,div,30,4.5,25.5,0,1500,0
S6,rect,div,30,9,21,1500,1500,1
S6,rect,div,40,9,31,1500,1500,1
S6,rect,div,40,4.5,35.5,0,1500,0
S6,AR,conv,30,9,21,1500,1500,1
S6,AR,conv,30,4.5,25.5,0,1500,0
S6,AR,conv,30,9,21,1500,1500,1
S6,AR,conv,30,9,21,1500,1500,1
S6,AR,conv,30,4.5,25.5,1500,1500,1
S6,AR,conv,30,4.5,25.5,0,1500,0
S6,AR,conv,30,9,21,0,1500,0
S6,AR,conv,30,4.5,25.5,0,1383,0
S6,AR,conv,30,4.5,25.5,0,1500,0
S6,AR,conv,30,9,21,1500,1500,1
S6,AR,conv,40,4.5,35.5,0,1500,0
S6,AR,conv,40,4.5,35.5,1500,1500,1
S6,AR,conv,40,9,31,1500,1500,1
S6,AR,conv,40,4.5,35.5,1500,1500,1
S6,AR,conv,40,9,31,1471,1471,1
S6,AR,conv,40,4.5,35.5,1500,1500,1
S6,AR,conv,40,4.5,35.5,1398,1398,1
S6,AR,conv,40,9,31,1419,1419,1
S6,AR,conv,40,9,31,1500,1500,1
S6,AR,conv,40,9,31,1500,1500,1
S6,AR,div,30,4.5,25.5,1500,1500,1
S6,AR,div,30,4.5,25.5,1500,1500,1
S6,AR,div,30,9,21,1500,1500,1
S6,AR,div,30,9,21,1390,1500,0.926666666666667
S6,AR,div,30,9,21,1500,1500,1
S6,AR,div,30,4.5,25.5,1500,1500,1
S6,AR,div,30,4.5,25.5,1500,1500,1
S6,AR,div,30,4.5,25.5,1500,1500,1
S6,AR,div,30,9,21,1500,1500,1
S6,AR,div,40,4.5,35.5,0,1500,0
S6,AR,div,40,9,31,1500,1500,1
S6,AR,div,40,4.5,35.5,0,1500,0
S6,AR,div,40,4.5,35.5,1369,1369,1
S6,AR,div,40,4.5,35.5,0,1494,0
S6,AR,div,40,9,31,1500,1500,1
S6,AR,div,40,9,31,0,1500,0
S6,AR,div,40,4.5,35.5,1500,1500,1
S6,AR,div,40,9,31,1489,1489,1
S6,AR,div,40,9,31,1500,1500,1
S7,oval,conv,30,4.5,25.5,903,1492,0.605227882037534
S7,oval,conv,30,9,21,1480,1500,0.986666666666667
S7,oval,conv,40,4.5,35.5,0,1500,0
S7,oval,conv,40,9,31,341,1500,0.227333333333333
S7,oval,div,30,9,21,1500,1500,1
S7,oval,div,30,4.5,25.5,325,1495,0.217391304347826
S7,oval,div,40,9,31,1500,1500,1
S7,oval,div,40,4.5,35.5,0,1500,0
S7,rect,conv,30,4.5,25.5,0,1500,0
S7,rect,conv,30,9,21,195,1497,0.130260521042084
S7,rect,conv,40,4.5,35.5,0,1500,0
S7,rect,conv,40,9,31,889,1471,0.604350781781101
S7,rect,div,30,4.5,25.5,0,1500,0
S7,rect,div,30,9,21,0,1500,0
S7,rect,div,40,9,31,1500,1500,1
S7,rect,div,40,4.5,35.5,0,1500,0
S7,AR,conv,30,9,21,684,1497,0.456913827655311
S7,AR,conv,30,4.5,25.5,1500,1500,1
S7,AR,conv,30,9,21,633,1498,0.422563417890521
S7,AR,conv,30,9,21,1500,1500,1
S7,AR,conv,30,4.5,25.5,605,1496,0.404411764705882
S7,AR,conv,30,4.5,25.5,1500,1500,1
S7,AR,conv,30,9,21,1500,1500,1
S7,AR,conv,30,4.5,25.5,1298,1492,0.869973190348525
S7,AR,conv,30,4.5,25.5,1227,1499,0.818545697131421
S7,AR,conv,30,9,21,1500,1500,1
S7,AR,conv,40,4.5,35.5,725,1487,0.487558843308675
S7,AR,conv,40,4.5,35.5,947,1497,0.632598530394122
S7,AR,conv,40,9,31,103,1497,0.0688042752171009
S7,AR,conv,40,4.5,35.5,1137,1496,0.760026737967914
S7,AR,conv,40,9,31,1500,1500,1
S7,AR,conv,40,4.5,35.5,294,1499,0.196130753835891
S7,AR,conv,40,4.5,35.5,0,1500,0
S7,AR,conv,40,9,31,1448,1448,1
S7,AR,conv,40,9,31,1500,1500,1
S7,AR,conv,40,9,31,1500,1500,1
S7,AR,div,30,4.5,25.5,1500,1500,1
S7,AR,div,30,4.5,25.5,1500,1500,1
S7,AR,div,30,9,21,1500,1500,1
S7,AR,div,30,9,21,1500,1500,1
S7,AR,div,30,9,21,332,1500,0.221333333333333
S7,AR,div,30,4.5,25.5,1500,1500,1
S7,AR,div,30,4.5,25.5,0,1500,0
S7,AR,div,30,4.5,25.5,1340,1485,0.902356902356902
S7,AR,div,30,9,21,1500,1500,1
S7,AR,div,30,9,21,1470,1470,1
S7,AR,div,40,4.5,35.5,0,1500,0
S7,AR,div,40,9,31,0,1500,0
S7,AR,div,40,4.5,35.5,0,1500,0
S7,AR,div,40,4.5,35.5,0,1500,0
S7,AR,div,40,4.5,35.5,0,1500,0
S7,AR,div,40,9,31,1238,1499,0.825883922615077
S7,AR,div,40,9,31,0,1500,0
S7,AR,div,40,4.5,35.5,986,1496,0.659090909090909
S7,AR,div,40,9,31,1500,1500,1
S7,AR,div,40,9,31,1500,1500,1
S8,oval,conv,30,4.5,25.5,1500,1500,1
S8,oval,conv,30,9,21,1487,1487,1
S8,oval,conv,40,4.5,35.5,0,1500,0
S8,oval,conv,40,9,31,0,1500,0
S8,oval,div,30,9,21,1500,1500,1
S8,oval,div,30,4.5,25.5,0,1500,0
S8,oval,div,40,9,31,56,1499,0.0373582388258839
S8,oval,div,40,4.5,35.5,0,1500,0
S8,rect,conv,30,4.5,25.5,1500,1500,1
S8,rect,conv,30,9,21,1500,1500,1
S8,rect,conv,40,4.5,35.5,1500,1500,1
S8,rect,conv,40,9,31,0,1500,0
S8,rect,div,30,4.5,25.5,514,1496,0.343582887700535
S8,rect,div,30,9,21,1500,1500,1
S8,rect,div,40,9,31,0,1500,0
S8,rect,div,40,4.5,35.5,1441,1441,1
S8,AR,conv,30,9,21,1500,1500,1
S8,AR,conv,30,4.5,25.5,1394,1495,0.932441471571906
S8,AR,conv,30,9,21,1500,1500,1
S8,AR,conv,30,9,21,1500,1500,1
S8,AR,conv,30,4.5,25.5,0,1500,0
S8,AR,conv,30,4.5,25.5,1500,1500,1
S8,AR,conv,30,9,21,1500,1500,1
S8,AR,conv,30,4.5,25.5,0,1500,0
S8,AR,conv,30,4.5,25.5,1500,1500,1
S8,AR,conv,30,9,21,1361,1494,0.910977242302544
S8,AR,conv,40,4.5,35.5,1115,1494,0.746318607764391
S8,AR,conv,40,4.5,35.5,1484,1484,1
S8,AR,conv,40,4.5,35.5,1500,1500,1
S8,AR,conv,40,9,31,0,1500,0
S8,AR,conv,40,4.5,35.5,0,1471,0
S8,AR,conv,40,4.5,35.5,0,1500,0
S8,AR,conv,40,9,31,1500,1500,1
S8,AR,conv,40,9,31,1500,1500,1
S8,AR,conv,40,9,31,1487,1491,0.997317236753856
S8,AR,div,30,4.5,25.5,1500,1500,1
S8,AR,div,30,4.5,25.5,0,1471,0
S8,AR,div,30,9,21,1500,1500,1
S8,AR,div,30,9,21,145,1491,0.0972501676727029
S8,AR,div,30,9,21,162,1495,0.108361204013378
S8,AR,div,30,4.5,25.5,0,1500,0
S8,AR,div,30,4.5,25.5,1500,1500,1
S8,AR,div,30,4.5,25.5,0,1500,0
S8,AR,div,30,9,21,1500,1500,1
S8,AR,div,30,9,21,0,1500,0
S8,AR,div,40,4.5,35.5,1500,1500,1
S8,AR,div,40,9,31,0,1500,0
S8,AR,div,40,4.5,35.5,0,1500,0
S8,AR,div,40,4.5,35.5,1500,1500,1
S8,AR,div,40,4.5,35.5,1500,1500,1
S8,AR,div,40,9,31,0,1500,0
S8,AR,div,40,9,31,90,1491,0.0603621730382294
S8,AR,div,40,4.5,35.5,0,1353,0
S8,AR,div,40,9,31,1500,1500,1
S8,AR,div,40,9,31,683,1485,0.45993265993266
S9,oval,conv,30,4.5,25.5,1500,1500,1
S9,oval,conv,30,9,21,1500,1500,1
S9,oval,conv,40,4.5,35.5,0,1500,0
S9,oval,conv,40,9,31,1500,1500,1
S9,oval,div,30,9,21,1500,1500,1
S9,oval,div,30,4.5,25.5,1428,1496,0.954545454545455
S9,oval,div,40,9,31,1397,1499,0.931954636424283
S9,oval,div,40,4.5,35.5,0,1500,0
S9,rect,conv,30,4.5,25.5,0,1500,0
S9,rect,conv,30,9,21,1364,1493,0.913596784996651
S9,rect,conv,40,4.5,35.5,0,1500,0
S9,rect,conv,40,9,31,1445,1492,0.968498659517426
S9,rect,div,30,4.5,25.5,497,1493,0.332886805090422
S9,rect,div,30,9,21,1500,1500,1
S9,rect,div,40,9,31,1500,1500,1
S9,rect,div,40,4.5,35.5,630,1423,0.442726633872101
S9,AR,conv,30,9,21,571,1485,0.384511784511785
S9,AR,conv,30,4.5,25.5,1500,1500,1
S9,AR,conv,30,9,21,1351,1500,0.900666666666667
S9,AR,conv,30,9,21,1500,1500,1
S9,AR,conv,30,4.5,25.5,0,1490,0
S9,AR,conv,30,4.5,25.5,0,1500,0
S9,AR,conv,30,9,21,454,1499,0.302868579052702
S9,AR,conv,30,4.5,25.5,0,1500,0
S9,AR,conv,30,4.5,25.5,0,1500,0
S9,AR,conv,30,9,21,1500,1500,1
S9,AR,conv,40,4.5,35.5,1253,1498,0.836448598130841
S9,AR,conv,40,4.5,35.5,1500,1500,1
S9,AR,conv,40,9,31,1500,1500,1
S9,AR,conv,40,4.5,35.5,780,1497,0.521042084168337
S9,AR,conv,40,9,31,1500,1500,1
S9,AR,conv,40,4.5,35.5,617,1500,0.411333333333333
S9,AR,conv,40,4.5,35.5,458,1494,0.306559571619813
S9,AR,conv,40,9,31,161,1498,0.107476635514019
S9,AR,conv,40,9,31,1424,1496,0.951871657754011
S9,AR,conv,40,9,31,1500,1500,1
S9,AR,div,30,4.5,25.5,0,1500,0
S9,AR,div,30,4.5,25.5,0,1500,0
S9,AR,div,30,9,21,1452,1497,0.969939879759519
S9,AR,div,30,9,21,0,1500,0
S9,AR,div,30,9,21,1500,1500,1
S9,AR,div,30,4.5,25.5,1500,1500,1
S9,AR,div,30,4.5,25.5,0,1480,0
S9,AR,div,30,4.5,25.5,0,1500,0
S9,AR,div,30,9,21,0,1500,0
S9,AR,div,30,9,21,1500,1500,1
S9,AR,div,40,4.5,35.5,1500,1500,1
S9,AR,div,40,9,31,0,1500,0
S9,AR,div,40,4.5,35.5,0,1500,0
S9,AR,div,40,4.5,35.5,1123,1495,0.751170568561873
S9,AR,div,40,4.5,35.5,0,1500,0
S9,AR,div,40,9,31,1500,1500,1
S9,AR,div,40,9,31,1451,1451,1
S9,AR,div,40,4.5,35.5,1436,1471,0.976206662134602
S9,AR,div,40,9,31,0,1500,0
S9,AR,div,40,9,31,0,1500,0
S10,oval,conv,30,4.5,25.5,0,1500,0
S10,oval,conv,30,9,21,0,1500,0
S10,oval,conv,40,4.5,35.5,0,1500,0
S10,oval,conv,40,9,31,0,1500,0
S10,oval,div,30,9,21,0,1500,0
S10,oval,div,30,4.5,25.5,0,1500,0
S10,oval,div,40,9,31,0,1500,0
S10,oval,div,40,4.5,35.5,0,1500,0
S10,rect,conv,30,4.5,25.5,0,1500,0
S10,rect,conv,30,9,21,0,1500,0
S10,rect,conv,40,4.5,35.5,0,1500,0
S10,rect,conv,40,9,31,0,1500,0
S10,rect,div,30,4.5,25.5,0,1500,0
S10,rect,div,30,9,21,168,1486,0.113055181695828
S10,rect,div,40,9,31,0,1500,0
S10,rect,div,40,4.5,35.5,0,1500,0
S10,AR,conv,30,9,21,148,1488,0.0994623655913978
S10,AR,conv,30,4.5,25.5,0,1500,0
S10,AR,conv,30,9,21,25,1488,0.0168010752688172
S10,AR,conv,30,9,21,0,1500,0
S10,AR,conv,30,4.5,25.5,0,1500,0
S10,AR,conv,30,4.5,25.5,0,1500,0
S10,AR,conv,30,9,21,0,1500,0
S10,AR,conv,30,4.5,25.5,0,1500,0
S10,AR,conv,30,4.5,25.5,0,1500,0
S10,AR,conv,30,9,21,0,1500,0
S10,AR,conv,40,4.5,35.5,0,1500,0
S10,AR,conv,40,4.5,35.5,62,1498,0.041388518024032
S10,AR,conv,40,9,31,0,1500,0
S10,AR,conv,40,4.5,35.5,0,1500,0
S10,AR,conv,40,9,31,0,1500,0
S10,AR,conv,40,4.5,35.5,0,1500,0
S10,AR,conv,40,4.5,35.5,0,1500,0
S10,AR,conv,40,9,31,0,1500,0
S10,AR,conv,40,9,31,0,1500,0
S10,AR,conv,40,9,31,0,1500,0
S10,AR,div,30,4.5,25.5,0,1500,0
S10,AR,div,30,4.5,25.5,0,1500,0
S10,AR,div,30,9,21,0,1500,0
S10,AR,div,30,9,21,0,1500,0
S10,AR,div,30,9,21,0,1474,0
S10,AR,div,30,4.5,25.5,0,1500,0
S10,AR,div,30,4.5,25.5,0,1500,0
S10,AR,div,30,4.5,25.5,0,1500,0
S10,AR,div,30,9,21,0,1500,0
S10,AR,div,30,9,21,0,1500,0
S10,AR,div,40,4.5,35.5,0,1500,0
S10,AR,div,40,9,31,0,1500,0
S10,AR,div,40,4.5,35.5,0,1500,0
S10,AR,div,40,4.5,35.5,0,1500,0
S10,AR,div,40,4.5,35.5,0,1500,0
S10,AR,div,40,9,31,0,1500,0
S10,AR,div,40,9,31,0,1500,0
S10,AR,div,40,4.5,35.5,0,1500,0
S10,AR,div,40,9,31,450,1493,0.301406563965171
S10,AR,div,40,9,31,0,1500,0
S11,oval,conv,30,4.5,25.5,0,1500,0
S11,oval,conv,30,9,21,1500,1500,1
S11,oval,conv,40,4.5,35.5,0,1500,0
S11,oval,conv,40,9,31,1200,1479,0.811359026369168
S11,oval,div,30,9,21,1500,1500,1
S11,oval,div,40,9,31,1150,1360,0.845588235294118
S11,oval,div,40,4.5,35.5,0,1500,0
S11,rect,conv,30,4.5,25.5,0,1500,0
S11,rect,conv,30,9,21,1500,1500,1
S11,rect,conv,40,4.5,35.5,0,1500,0
S11,rect,conv,40,9,31,0,1500,0
S11,rect,div,30,4.5,25.5,1500,1500,1
S11,rect,div,30,9,21,1500,1500,1
S11,rect,div,40,9,31,1500,1500,1
S11,rect,div,40,4.5,35.5,0,1500,0
S11,AR,conv,30,9,21,1500,1500,1
S11,AR,conv,30,4.5,25.5,1466,1466,1
S11,AR,conv,30,9,21,1500,1500,1
S11,AR,conv,30,9,21,1500,1500,1
S11,AR,conv,30,4.5,25.5,1500,1500,1
S11,AR,conv,30,4.5,25.5,1500,1500,1
S11,AR,conv,30,4.5,25.5,1500,1500,1
S11,AR,conv,30,9,21,1500,1500,1
S11,AR,conv,40,4.5,35.5,1500,1500,1
S11,AR,conv,40,9,31,1500,1500,1
S11,AR,conv,40,4.5,35.5,1424,1424,1
S11,AR,conv,40,9,31,1412,1412,1
S11,AR,conv,40,4.5,35.5,0,1440,0
S11,AR,conv,40,4.5,35.5,1386,1386,1
S11,AR,conv,40,9,31,1500,1500,1
S11,AR,conv,40,9,31,1500,1500,1
S11,AR,conv,40,9,31,1500,1500,1
S11,AR,div,30,4.5,25.5,0,1500,0
S11,AR,div,30,4.5,25.5,1488,1488,1
S11,AR,div,30,9,21,1500,1500,1
S11,AR,div,30,9,21,1500,1500,1
S11,AR,div,30,9,21,1456,1456,1
S11,AR,div,30,4.5,25.5,1500,1500,1
S11,AR,div,30,4.5,25.5,1425,1425,1
S11,AR,div,30,9,21,1487,1487,1
S11,AR,div,30,9,21,1500,1500,1
S11,AR,div,40,4.5,35.5,111,1488,0.0745967741935484
S11,AR,div,40,9,31,1500,1500,1
S11,AR,div,40,4.5,35.5,0,1423,0
S11,AR,div,40,4.5,35.5,1500,1500,1
S11,AR,div,40,4.5,35.5,0,1500,0
S11,AR,div,40,9,31,1392,1392,1
S11,AR,div,40,4.5,35.5,0,1500,0
S11,AR,div,40,9,31,1500,1500,1
S11,AR,div,40,9,31,1368,1368,1
S12,oval,conv,30,4.5,25.5,1365,1481,0.921674544226874
S12,oval,conv,40,4.5,35.5,170,1479,0.114942528735632
S12,oval,conv,40,9,31,1500,1500,1
S12,oval,div,30,9,21,988,1414,0.698727015558699
S12,oval,div,30,4.5,25.5,1500,1500,1
S12,oval,div,40,9,31,1500,1500,1
S12,oval,div,40,4.5,35.5,1052,1491,0.705566733735748
S12,rect,conv,30,4.5,25.5,394,1498,0.2630173564753
S12,rect,conv,30,9,21,829,1492,0.555630026809651
S12,rect,conv,40,4.5,35.5,270,1487,0.181573638197714
S12,rect,conv,40,9,31,512,1493,0.342933690555928
S12,rect,div,30,4.5,25.5,1294,1440,0.898611111111111
S12,rect,div,30,9,21,1500,1500,1
S12,rect,div,40,9,31,1500,1500,1
S12,rect,div,40,4.5,35.5,0,1500,0
S12,AR,conv,30,9,21,1083,1470,0.736734693877551
S12,AR,conv,30,4.5,25.5,1467,1498,0.979305740987984
S12,AR,conv,30,9,21,1500,1500,1
S12,AR,conv,30,9,21,1237,1487,0.831876260928043
S12,AR,conv,30,4.5,25.5,1436,1498,0.958611481975968
S12,AR,conv,30,4.5,25.5,0,1500,0
S12,AR,conv,30,9,21,1500,1500,1
S12,AR,conv,30,4.5,25.5,1278,1496,0.85427807486631
S12,AR,conv,30,4.5,25.5,485,1496,0.324197860962567
S12,AR,conv,30,9,21,1029,1485,0.692929292929293
S12,AR,conv,40,4.5,35.5,1417,1498,0.945927903871829
S12,AR,conv,40,4.5,35.5,417,1495,0.278929765886288
S12,AR,conv,40,9,31,1500,1500,1
S12,AR,conv,40,4.5,35.5,0,1500,0
S12,AR,conv,40,9,31,1500,1500,1
S12,AR,conv,40,4.5,35.5,1338,1499,0.892595063375584
S12,AR,conv,40,4.5,35.5,791,1481,0.534098582039163
S12,AR,conv,40,9,31,209,1497,0.139612558450234
S12,AR,conv,40,9,31,1500,1500,1
S12,AR,conv,40,9,31,867,1491,0.58148893360161
S12,AR,div,30,4.5,25.5,648,1487,0.435776731674512
S12,AR,div,30,4.5,25.5,117,1492,0.0784182305630027
S12,AR,div,30,9,21,1500,1500,1
S12,AR,div,30,9,21,1500,1500,1
S12,AR,div,30,9,21,704,1413,0.498230714791224
S12,AR,div,30,4.5,25.5,329,1492,0.220509383378016
S12,AR,div,30,4.5,25.5,1152,1449,0.795031055900621
S12,AR,div,30,4.5,25.5,1310,1498,0.874499332443258
S12,AR,div,30,9,21,1500,1500,1
S12,AR,div,30,9,21,1111,1500,0.740666666666667
S12,AR,div,40,4.5,35.5,208,1487,0.139878950907868
S12,AR,div,40,9,31,675,1385,0.487364620938628
S12,AR,div,40,4.5,35.5,1500,1500,1
S12,AR,div,40,4.5,35.5,1500,1500,1
S12,AR,div,40,4.5,35.5,1405,1496,0.939171122994652
S12,AR,div,40,9,31,1500,1500,1
S12,AR,div,40,9,31,1498,1498,1
S12,AR,div,40,4.5,35.5,627,1499,0.418278852568379
S12,AR,div,40,9,31,1500,1500,1
S12,AR,div,40,9,31,1144,1500,0.762666666666667
S13,oval,conv,30,4.5,25.5,0,1500,0
S13,oval,conv,30,9,21,1095,1500,0.73
S13,oval,conv,40,4.5,35.5,840,1498,0.560747663551402
S13,oval,conv,40,9,31,1500,1500,1
S13,oval,div,30,4.5,25.5,1413,1413,1
S13,oval,div,40,9,31,0,1500,0
S13,oval,div,40,4.5,35.5,0,1500,0
S13,rect,conv,30,9,21,0,1500,0
S13,rect,conv,40,4.5,35.5,0,1500,0
S13,rect,conv,40,9,31,0,1386,0
S13,rect,div,30,4.5,25.5,0,1499,0
S13,rect,div,30,9,21,1500,1500,1
S13,rect,div,40,9,31,0,1500,0
S13,rect,div,40,4.5,35.5,0,1500,0
S13,AR,conv,30,9,21,1500,1500,1
S13,AR,conv,30,4.5,25.5,1500,1500,1
S13,AR,conv,30,9,21,1500,1500,1
S13,AR,conv,30,9,21,1458,1458,1
S13,AR,conv,30,4.5,25.5,1500,1500,1
S13,AR,conv,30,4.5,25.5,0,1353,0
S13,AR,conv,30,9,21,1500,1500,1
S13,AR,conv,30,4.5,25.5,1500,1500,1
S13,AR,conv,30,9,21,1500,1500,1
S13,AR,conv,40,4.5,35.5,1500,1500,1
S13,AR,conv,40,4.5,35.5,0,1500,0
S13,AR,conv,40,9,31,1500,1500,1
S13,AR,conv,40,4.5,35.5,1500,1500,1
S13,AR,conv,40,9,31,1500,1500,1
S13,AR,conv,40,4.5,35.5,1500,1500,1
S13,AR,conv,40,4.5,35.5,0,1400,0
S13,AR,conv,40,9,31,1500,1500,1
S13,AR,conv,40,9,31,1500,1500,1
S13,AR,conv,40,9,31,1500,1500,1
S13,AR,div,30,4.5,25.5,1500,1500,1
S13,AR,div,30,4.5,25.5,1360,1360,1
S13,AR,div,30,9,21,1500,1500,1
S13,AR,div,30,9,21,1485,1485,1
S13,AR,div,30,9,21,1327,1499,0.885256837891928
S13,AR,div,30,4.5,25.5,0,1499,0
S13,AR,div,30,4.5,25.5,1500,1500,1
S13,AR,div,30,9,21,1392,1392,1
S13,AR,div,30,9,21,1443,1443,1
S13,AR,div,40,4.5,35.5,0,1438,0
S13,AR,div,40,9,31,0,1397,0
S13,AR,div,40,4.5,35.5,1500,1500,1
S13,AR,div,40,4.5,35.5,0,1386,0
S13,AR,div,40,4.5,35.5,0,1484,0
S13,AR,div,40,9,31,1476,1476,1
S13,AR,div,40,9,31,1360,1360,1
S13,AR,div,40,9,31,1500,1500,1
S13,AR,div,40,9,31,1500,1500,1
S14,oval,conv,30,4.5,25.5,606,1489,0.406984553391538
S14,oval,conv,30,9,21,1386,1488,0.931451612903226
S14,oval,conv,40,4.5,35.5,636,1475,0.431186440677966
S14,oval,conv,40,9,31,1467,1484,0.988544474393531
S14,oval,div,30,9,21,1500,1500,1
S14,oval,div,30,4.5,25.5,1306,1489,0.877098723975823
S14,oval,div,40,9,31,1500,1500,1
S14,oval,div,40,4.5,35.5,338,1469,0.230088495575221
S14,rect,conv,30,4.5,25.5,824,1453,0.567102546455609
S14,rect,conv,30,9,21,1322,1496,0.883689839572192
S14,rect,conv,40,4.5,35.5,260,1465,0.177474402730375
S14,rect,conv,40,9,31,588,1447,0.40635798203179
S14,rect,div,30,4.5,25.5,1443,1482,0.973684210526316
S14,rect,div,30,9,21,1500,1500,1
S14,rect,div,40,9,31,1419,1461,0.971252566735113
S14,rect,div,40,4.5,35.5,864,1458,0.592592592592593
S14,AR,conv,30,9,21,280,1486,0.18842530282638
S14,AR,conv,30,4.5,25.5,618,1458,0.423868312757202
S14,AR,conv,30,9,21,1285,1478,0.869418132611637
S14,AR,conv,30,9,21,1249,1447,0.863165169315826
S14,AR,conv,30,4.5,25.5,176,1493,0.1178834561286
S14,AR,conv,30,4.5,25.5,345,1453,0.237439779766001
S14,AR,conv,30,9,21,1401,1479,0.947261663286004
S14,AR,conv,30,4.5,25.5,857,1459,0.587388622344071
S14,AR,conv,30,4.5,25.5,991,1492,0.664209115281501
S14,AR,conv,30,9,21,1434,1481,0.968264686022957
S14,AR,conv,40,4.5,35.5,711,1423,0.499648629655657
S14,AR,conv,40,4.5,35.5,209,1434,0.145746164574616
S14,AR,conv,40,9,31,1001,1476,0.678184281842818
S14,AR,conv,40,4.5,35.5,361,1438,0.251043115438108
S14,AR,conv,40,9,31,133,1455,0.0914089347079038
S14,AR,conv,40,4.5,35.5,0,1500,0
S14,AR,conv,40,4.5,35.5,332,1474,0.225237449118046
S14,AR,conv,40,9,31,1366,1472,0.927989130434783
S14,AR,conv,40,9,31,1383,1476,0.936991869918699
S14,AR,conv,40,9,31,1215,1483,0.819285232636548
S14,AR,div,30,4.5,25.5,334,1402,0.238231098430813
S14,AR,div,30,4.5,25.5,1382,1482,0.932523616734143
S14,AR,div,30,9,21,1306,1461,0.893908281998631
S14,AR,div,30,9,21,1373,1470,0.934013605442177
S14,AR,div,30,9,21,1500,1500,1
S14,AR,div,30,4.5,25.5,812,1448,0.560773480662983
S14,AR,div,30,4.5,25.5,460,1463,0.314422419685578
S14,AR,div,30,4.5,25.5,1353,1448,0.93439226519337
S14,AR,div,30,9,21,1022,1360,0.751470588235294
S14,AR,div,30,9,21,1500,1500,1
S14,AR,div,40,4.5,35.5,341,1459,0.233721727210418
S14,AR,div,40,9,31,606,1468,0.412806539509537
S14,AR,div,40,4.5,35.5,301,1488,0.202284946236559
S14,AR,div,40,4.5,35.5,332,1466,0.226466575716235
S14,AR,div,40,4.5,35.5,803,1365,0.588278388278388
S14,AR,div,40,9,31,1500,1500,1
S14,AR,div,40,9,31,1500,1500,1
S14,AR,div,40,4.5,35.5,938,1448,0.647790055248619
S14,AR,div,40,9,31,1324,1443,0.917532917532918
S14,AR,div,40,9,31,1177,1428,0.824229691876751
S15,oval,conv,30,4.5,25.5,518,1469,0.352620830496937
S15,oval,conv,30,9,21,1168,1472,0.793478260869565
S15,oval,conv,40,4.5,35.5,0,1500,0
S15,oval,conv,40,9,31,389,1435,0.271080139372822
S15,oval,div,30,9,21,968,1493,0.648359008707301
S15,oval,div,30,4.5,25.5,1411,1476,0.955962059620596
S15,oval,div,40,9,31,1296,1475,0.87864406779661
S15,oval,div,40,4.5,35.5,646,1464,0.441256830601093
S15,rect,conv,30,4.5,25.5,171,1452,0.117768595041322
S15,rect,conv,30,9,21,1492,1492,1
S15,rect,conv,40,4.5,35.5,1500,1500,1
S15,rect,conv,40,9,31,240,1486,0.161507402422611
S15,rect,div,30,4.5,25.5,1500,1500,1
S15,rect,div,30,9,21,1500,1500,1
S15,rect,div,40,9,31,1500,1500,1
S15,rect,div,40,4.5,35.5,1152,1452,0.793388429752066
S15,AR,conv,30,9,21,242,1464,0.165300546448087
S15,AR,conv,30,4.5,25.5,112,1480,0.0756756756756757
S15,AR,conv,30,9,21,1500,1500,1
S15,AR,conv,30,9,21,1500,1500,1
S15,AR,conv,30,4.5,25.5,139,1461,0.0951403148528405
S15,AR,conv,30,4.5,25.5,3,1449,0.0020703933747412
S15,AR,conv,30,9,21,0,1500,0
S15,AR,conv,30,4.5,25.5,1428,1482,0.963562753036437
S15,AR,conv,30,4.5,25.5,33,1450,0.0227586206896552
S15,AR,conv,30,9,21,0,1500,0
S15,AR,conv,40,4.5,35.5,909,1442,0.630374479889043
S15,AR,conv,40,4.5,35.5,0,1472,0
S15,AR,conv,40,4.5,35.5,178,1493,0.119223040857334
S15,AR,conv,40,9,31,232,1485,0.156228956228956
S15,AR,conv,40,4.5,35.5,52,1475,0.0352542372881356
S15,AR,conv,40,4.5,35.5,196,1354,0.144756277695716
S15,AR,conv,40,9,31,589,1433,0.41102581995813
S15,AR,conv,40,9,31,1500,1500,1
S15,AR,conv,40,9,31,891,1485,0.6
S15,AR,div,30,4.5,25.5,1500,1500,1
S15,AR,div,30,4.5,25.5,0,1500,0
S15,AR,div,30,9,21,1500,1500,1
S15,AR,div,30,9,21,1500,1500,1
S15,AR,div,30,9,21,1500,1500,1
S15,AR,div,30,4.5,25.5,71,1483,0.047875927174646
S15,AR,div,30,4.5,25.5,1500,1500,1
S15,AR,div,30,4.5,25.5,122,1468,0.0831062670299728
S15,AR,div,30,9,21,722,1438,0.502086230876217
S15,AR,div,30,9,21,371,1415,0.262190812720848
S15,AR,div,40,4.5,35.5,44,1489,0.0295500335795836
S15,AR,div,40,9,31,0,1500,0
S15,AR,div,40,4.5,35.5,424,1459,0.29061000685401
S15,AR,div,40,4.5,35.5,963,1488,0.647177419354839
S15,AR,div,40,4.5,35.5,1389,1389,1
S15,AR,div,40,9,31,767,1423,0.539002108222066
S15,AR,div,40,9,31,825,1482,0.55668016194332
S15,AR,div,40,4.5,35.5,204,1445,0.141176470588235
S15,AR,div,40,9,31,1353,1476,0.916666666666667
S15,AR,div,40,9,31,93,1473,0.0631364562118126
S16,oval,conv,30,4.5,25.5,555,1487,0.373234700739744
S16,oval,conv,30,9,21,1331,1381,0.963794351918899
S16,oval,conv,40,4.5,35.5,0,1500,0
S16,oval,conv,40,9,31,1500,1500,1
S16,oval,div,30,9,21,1286,1484,0.866576819407008
S16,oval,div,30,4.5,25.5,1442,1442,1
S16,oval,div,40,9,31,1500,1500,1
S16,oval,div,40,4.5,35.5,130,1481,0.087778528021607
S16,rect,conv,30,4.5,25.5,0,1500,0
S16,rect,conv,40,4.5,35.5,0,1481,0
S16,rect,conv,40,9,31,0,1500,0
S16,rect,div,30,4.5,25.5,0,1500,0
S16,rect,div,30,9,21,1500,1500,1
S16,rect,div,40,9,31,1288,1386,0.929292929292929
S16,rect,div,40,4.5,35.5,0,1500,0
S16,AR,conv,30,9,21,1044,1476,0.707317073170732
S16,AR,conv,30,9,21,767,1493,0.513730743469524
S16,AR,conv,30,9,21,1500,1500,1
S16,AR,conv,30,4.5,25.5,1330,1448,0.918508287292818
S16,AR,conv,30,4.5,25.5,1500,1500,1
S16,AR,conv,30,4.5,25.5,277,1462,0.189466484268126
S16,AR,conv,30,4.5,25.5,734,1393,0.52692031586504
S16,AR,conv,30,9,21,0,1500,0
S16,AR,conv,40,4.5,35.5,269,1494,0.180053547523427
S16,AR,conv,40,4.5,35.5,1500,1500,1
S16,AR,conv,40,9,31,0,1500,0
S16,AR,conv,40,4.5,35.5,0,1500,0
S16,AR,conv,40,9,31,532,1449,0.367149758454106
S16,AR,conv,40,4.5,35.5,237,1387,0.170872386445566
S16,AR,conv,40,4.5,35.5,1500,1500,1
S16,AR,conv,40,9,31,104,1433,0.0725750174459177
S16,AR,conv,40,9,31,1200,1454,0.825309491059147
S16,AR,conv,40,9,31,1500,1500,1
S16,AR,div,30,4.5,25.5,150,1487,0.100874243443174
S16,AR,div,30,4.5,25.5,0,1500,0
S16,AR,div,30,9,21,368,1473,0.249830278343517
S16,AR,div,30,9,21,0,1500,0
S16,AR,div,30,9,21,0,1500,0
S16,AR,div,30,4.5,25.5,1272,1494,0.85140562248996
S16,AR,div,30,4.5,25.5,1480,1480,1
S16,AR,div,30,4.5,25.5,0,1500,0
S16,AR,div,30,9,21,0,1500,0
S16,AR,div,30,9,21,1489,1489,1
S16,AR,div,40,4.5,35.5,727,1434,0.50697350069735
S16,AR,div,40,9,31,54,1491,0.0362173038229376
S16,AR,div,40,4.5,35.5,0,1500,0
S16,AR,div,40,4.5,35.5,0,1500,0
S16,AR,div,40,4.5,35.5,1500,1500,1
S16,AR,div,40,9,31,1500,1500,1
S16,AR,div,40,9,31,921,1439,0.640027797081306
S16,AR,div,40,4.5,35.5,0,1500,0
S16,AR,div,40,9,31,1476,1476,1
S16,AR,div,40,9,31,0,1500,0
S17,oval,conv,30,4.5,25.5,763,1480,0.515540540540541
S17,oval,conv,30,9,21,1500,1500,1
S17,oval,conv,40,4.5,35.5,1386,1474,0.940298507462687
S17,oval,conv,40,9,31,1408,1495,0.94180602006689
S17,oval,div,30,9,21,1500,1500,1
S17,oval,div,30,4.5,25.5,726,1500,0.484
S17,oval,div,40,9,31,1500,1500,1
S17,oval,div,40,4.5,35.5,967,1497,0.645958583834335
S17,rect,conv,30,4.5,25.5,933,1488,0.627016129032258
S17,rect,conv,30,9,21,1489,1499,0.993328885923949
S17,rect,conv,40,4.5,35.5,1323,1470,0.9
S17,rect,conv,40,9,31,1351,1498,0.901869158878505
S17,rect,div,30,4.5,25.5,1425,1497,0.95190380761523
S17,rect,div,30,9,21,1500,1500,1
S17,rect,div,40,9,31,1500,1500,1
S17,rect,div,40,4.5,35.5,202,1496,0.135026737967914
S17,AR,conv,30,9,21,1393,1496,0.931149732620321
S17,AR,conv,30,4.5,25.5,1223,1498,0.816421895861148
S17,AR,conv,30,9,21,1500,1500,1
S17,AR,conv,30,9,21,250,1500,0.166666666666667
S17,AR,conv,30,4.5,25.5,1075,1500,0.716666666666667
S17,AR,conv,30,4.5,25.5,679,1497,0.453573814295257
S17,AR,conv,30,9,21,1467,1467,1
S17,AR,conv,30,4.5,25.5,1500,1500,1
S17,AR,conv,30,4.5,25.5,1478,1500,0.985333333333333
S17,AR,conv,30,9,21,1500,1500,1
S17,AR,conv,40,4.5,35.5,0,1500,0
S17,AR,conv,40,4.5,35.5,139,1498,0.0927903871829105
S17,AR,conv,40,9,31,1304,1484,0.878706199460916
S17,AR,conv,40,4.5,35.5,1295,1500,0.863333333333333
S17,AR,conv,40,9,31,1500,1500,1
S17,AR,conv,40,4.5,35.5,1500,1500,1
S17,AR,conv,40,4.5,35.5,0,1500,0
S17,AR,conv,40,9,31,1500,1500,1
S17,AR,conv,40,9,31,0,1500,0
S17,AR,conv,40,9,31,1184,1500,0.789333333333333
S17,AR,div,30,4.5,25.5,0,1500,0
S17,AR,div,30,4.5,25.5,1317,1499,0.878585723815877
S17,AR,div,30,9,21,1500,1500,1
S17,AR,div,30,9,21,1500,1500,1
S17,AR,div,30,9,21,0,1500,0
S17,AR,div,30,4.5,25.5,0,1500,0
S17,AR,div,30,4.5,25.5,1500,1500,1
S17,AR,div,30,4.5,25.5,1253,1492,0.839812332439678
S17,AR,div,30,9,21,434,1497,0.289913159652639
S17,AR,div,30,9,21,1500,1500,1
S17,AR,div,40,4.5,35.5,0,1500,0
S17,AR,div,40,4.5,35.5,0,1500,0
S17,AR,div,40,4.5,35.5,359,1500,0.239333333333333
S17,AR,div,40,4.5,35.5,0,1500,0
S17,AR,div,40,9,31,0,1500,0
S17,AR,div,40,9,31,1364,1500,0.909333333333333
S17,AR,div,40,4.5,35.5,106,1495,0.0709030100334448
S17,AR,div,40,9,31,672,1473,0.456211812627291
S17,AR,div,40,9,31,210,1495,0.140468227424749
S18,oval,conv,30,4.5,25.5,1256,1490,0.842953020134228
S18,oval,conv,30,9,21,753,1494,0.504016064257028
S18,oval,conv,40,4.5,35.5,840,1497,0.561122244488978
S18,oval,conv,40,9,31,973,1487,0.654337592468056
S18,oval,div,30,9,21,1085,1494,0.72623828647925
S18,oval,div,30,4.5,25.5,473,1491,0.317236753856472
S18,oval,div,40,9,31,743,1488,0.499327956989247
S18,oval,div,40,4.5,35.5,0,1500,0
S18,rect,conv,30,4.5,25.5,844,1499,0.563042028018679
S18,rect,conv,30,9,21,867,1496,0.579545454545455
S18,rect,conv,40,4.5,35.5,300,1500,0.2
S18,rect,conv,40,9,31,135,1414,0.0954738330975955
S18,rect,div,30,4.5,25.5,0,1500,0
S18,rect,div,30,9,21,0,1500,0
S18,rect,div,40,9,31,0,1489,0
S18,rect,div,40,4.5,35.5,189,1475,0.128135593220339
S18,AR,conv,30,9,21,1500,1500,1
S18,AR,conv,30,4.5,25.5,669,1493,0.448091091761554
S18,AR,conv,30,9,21,647,1495,0.432775919732441
S18,AR,conv,30,9,21,1500,1500,1
S18,AR,conv,30,4.5,25.5,769,1490,0.516107382550336
S18,AR,conv,30,4.5,25.5,1267,1497,0.846359385437542
S18,AR,conv,30,9,21,1030,1493,0.689886135298058
S18,AR,conv,30,4.5,25.5,985,1479,0.665990534144692
S18,AR,conv,30,4.5,25.5,799,1480,0.539864864864865
S18,AR,conv,30,9,21,1071,1498,0.714953271028037
S18,AR,conv,40,4.5,35.5,720,1498,0.48064085447263
S18,AR,conv,40,4.5,35.5,930,1489,0.624580255204836
S18,AR,conv,40,9,31,605,1497,0.404141616566466
S18,AR,conv,40,4.5,35.5,1335,1491,0.895372233400402
S18,AR,conv,40,9,31,1347,1500,0.898
S18,AR,conv,40,4.5,35.5,1107,1488,0.743951612903226
S18,AR,conv,40,4.5,35.5,779,1479,0.526707234617985
S18,AR,conv,40,9,31,1017,1492,0.681635388739946
S18,AR,conv,40,9,31,1026,1492,0.687667560321716
S18,AR,conv,40,9,31,769,1497,0.513694054776219
S18,AR,div,30,4.5,25.5,294,1484,0.19811320754717
S18,AR,div,30,4.5,25.5,1500,1500,1
S18,AR,div,30,9,21,1118,1496,0.747326203208556
S18,AR,div,30,9,21,1493,1493,1
S18,AR,div,30,4.5,25.5,1342,1494,0.898259705488621
S18,AR,div,30,4.5,25.5,1086,1498,0.724966622162884
S18,AR,div,30,4.5,25.5,729,1492,0.488605898123324
S18,AR,div,30,9,21,1265,1487,0.850706119704102
S18,AR,div,30,9,21,1207,1456,0.828983516483517
S18,AR,div,40,4.5,35.5,569,1497,0.380093520374082
S18,AR,div,40,9,31,1119,1492,0.75
S18,AR,div,40,4.5,35.5,1036,1496,0.692513368983957
S18,AR,div,40,4.5,35.5,962,1496,0.643048128342246
S18,AR,div,40,4.5,35.5,1047,1497,0.69939879759519
S18,AR,div,40,9,31,1464,1489,0.983210208193418
S18,AR,div,40,9,31,971,1492,0.650804289544236
S18,AR,div,40,4.5,35.5,876,1383,0.633405639913232
S18,AR,div,40,9,31,1017,1498,0.67890520694259
S18,AR,div,40,9,31,1075,1492,0.720509383378016
S19,oval,conv,30,4.5,25.5,738,1495,0.493645484949833
S19,oval,conv,30,9,21,1500,1500,1
S19,oval,conv,40,4.5,35.5,0,1500,0
S19,oval,conv,40,9,31,1500,1500,1
S19,oval,div,30,4.5,25.5,1500,1500,1
S19,oval,div,40,9,31,1484,1484,1
S19,oval,div,40,4.5,35.5,0,1500,0
S19,rect,conv,30,4.5,25.5,0,1500,0
S19,rect,conv,30,9,21,1500,1500,1
S19,rect,conv,40,4.5,35.5,0,1500,0
S19,rect,conv,40,9,31,1500,1500,1
S19,rect,div,30,4.5,25.5,1044,1481,0.704929101958136
S19,rect,div,30,9,21,1500,1500,1
S19,rect,div,40,9,31,1500,1500,1
S19,rect,div,40,4.5,35.5,1500,1500,1
S19,AR,conv,30,9,21,1500,1500,1
S19,AR,conv,30,4.5,25.5,685,1497,0.457581830327321
S19,AR,conv,30,9,21,1500,1500,1
S19,AR,conv,30,9,21,1293,1493,0.866041527126591
S19,AR,conv,30,4.5,25.5,677,1500,0.451333333333333
S19,AR,conv,30,4.5,25.5,0,1500,0
S19,AR,conv,30,9,21,1500,1500,1
S19,AR,conv,30,4.5,25.5,1500,1500,1
S19,AR,conv,30,4.5,25.5,1500,1500,1
S19,AR,conv,30,9,21,1500,1500,1
S19,AR,conv,40,4.5,35.5,1272,1486,0.855989232839839
S19,AR,conv,40,4.5,35.5,1500,1500,1
S19,AR,conv,40,9,31,362,1451,0.249483115093039
S19,AR,conv,40,4.5,35.5,1500,1500,1
S19,AR,conv,40,9,31,1500,1500,1
S19,AR,conv,40,4.5,35.5,1500,1500,1
S19,AR,conv,40,4.5,35.5,1500,1500,1
S19,AR,conv,40,9,31,1500,1500,1
S19,AR,conv,40,9,31,1500,1500,1
S19,AR,conv,40,9,31,313,1470,0.212925170068027
S19,AR,div,30,4.5,25.5,0,1500,0
S19,AR,div,30,4.5,25.5,878,1500,0.585333333333333
S19,AR,div,30,9,21,1500,1500,1
S19,AR,div,30,9,21,1500,1500,1
S19,AR,div,30,9,21,1500,1500,1
S19,AR,div,30,4.5,25.5,0,1500,0
S19,AR,div,30,4.5,25.5,1500,1500,1
S19,AR,div,30,9,21,1500,1500,1
S19,AR,div,30,9,21,334,1497,0.22311289245157
S19,AR,div,40,4.5,35.5,0,1500,0
S19,AR,div,40,9,31,0,1500,0
S19,AR,div,40,4.5,35.5,0,1447,0
S19,AR,div,40,4.5,35.5,0,1500,0
S19,AR,div,40,4.5,35.5,1500,1500,1
S19,AR,div,40,9,31,1500,1500,1
S19,AR,div,40,9,31,1500,1500,1
S19,AR,div,40,4.5,35.5,1500,1500,1
S19,AR,div,40,9,31,1500,1500,1
S19,AR,div,40,9,31,1500,1500,1
S20,oval,conv,30,4.5,25.5,393,1495,0.262876254180602
S20,oval,conv,30,9,21,1500,1500,1
S20,oval,conv,40,4.5,35.5,82,1497,0.0547762191048764
S20,oval,conv,40,9,31,1500,1500,1
S20,oval,div,30,9,21,1500,1500,1
S20,oval,div,30,4.5,25.5,800,1469,0.544588155207624
S20,oval,div,40,9,31,1388,1481,0.937204591492235
S20,oval,div,40,4.5,35.5,145,1486,0.0975773889636608
S20,rect,conv,30,4.5,25.5,869,1485,0.585185185185185
S20,rect,conv,30,9,21,1436,1478,0.971583220568336
S20,rect,conv,40,4.5,35.5,178,1483,0.120026972353338
S20,rect,conv,40,9,31,327,1459,0.224126113776559
S20,rect,div,30,4.5,25.5,1500,1500,1
S20,rect,div,30,9,21,1317,1484,0.887466307277628
S20,rect,div,40,9,31,701,1474,0.475576662143826
S20,rect,div,40,4.5,35.5,0,1500,0
S20,AR,conv,30,9,21,1397,1497,0.933199732798931
S20,AR,conv,30,4.5,25.5,235,1493,0.157401205626256
S20,AR,conv,30,9,21,1500,1500,1
S20,AR,conv,30,9,21,1358,1486,0.913862718707941
S20,AR,conv,30,4.5,25.5,0,1500,0
S20,AR,conv,30,4.5,25.5,0,1500,0
S20,AR,conv,30,9,21,280,1490,0.187919463087248
S20,AR,conv,30,4.5,25.5,314,1462,0.214774281805746
S20,AR,conv,30,4.5,25.5,432,1495,0.288963210702341
S20,AR,conv,30,9,21,1475,1498,0.984646194926569
S20,AR,conv,40,4.5,35.5,326,1495,0.218060200668896
S20,AR,conv,40,4.5,35.5,0,1500,0
S20,AR,conv,40,9,31,0,1500,0
S20,AR,conv,40,4.5,35.5,74,1495,0.0494983277591973
S20,AR,conv,40,9,31,364,1485,0.245117845117845
S20,AR,conv,40,4.5,35.5,0,1500,0
S20,AR,conv,40,4.5,35.5,0,1500,0
S20,AR,conv,40,9,31,223,1475,0.151186440677966
S20,AR,conv,40,9,31,0,1500,0
S20,AR,conv,40,9,31,0,1500,0
S20,AR,div,30,4.5,25.5,1189,1485,0.800673400673401
S20,AR,div,30,4.5,25.5,1418,1491,0.951039570757881
S20,AR,div,30,9,21,1500,1500,1
S20,AR,div,30,9,21,0,1500,0
S20,AR,div,30,9,21,1500,1500,1
S20,AR,div,30,4.5,25.5,244,1495,0.163210702341137
S20,AR,div,30,4.5,25.5,83,1490,0.0557046979865772
S20,AR,div,30,4.5,25.5,66,1498,0.0440587449933244
S20,AR,div,30,9,21,1500,1500,1
S20,AR,div,30,9,21,1418,1490,0.951677852348993
S20,AR,div,40,4.5,35.5,0,1500,0
S20,AR,div,40,9,31,0,1500,0
S20,AR,div,40,4.5,35.5,298,1488,0.200268817204301
S20,AR,div,40,4.5,35.5,739,1497,0.493653974615898
S20,AR,div,40,4.5,35.5,853,1493,0.57133288680509
S20,AR,div,40,9,31,45,1500,0.03
S20,AR,div,40,9,31,91,1491,0.0610328638497653
S20,AR,div,40,4.5,35.5,0,1500,0
S20,AR,div,40,9,31,11,1500,0.00733333333333333
S20,AR,div,40,9,31,136,1493,0.0910917615539183
